BBa_J23100	2547	TTGACGGCTAGCTCAGTCCTAGGTACAGTGCTAGC
BBa_J23101	1791	TTTACAGCTAGCTCAGTCCTAGGTATTATGCTAGC
BBa_J23102	2179	TTGACAGCTAGCTCAGTCCTAGGTACTGTGCTAGC
BBa_J23103	17	CTGATAGCTAGCTCAGTCCTAGGGATTATGCTAGC
BBa_J23104	1831	TTGACAGCTAGCTCAGTCCTAGGTATTGTGCTAGC
BBa_J23105	623	TTTACGGCTAGCTCAGTCCTAGGTACTATGCTAGC
BBa_J23106	1185	TTTACGGCTAGCTCAGTCCTAGGTATAGTGCTAGC
BBa_J23107	908	TTTACGGCTAGCTCAGTCCTAGGTATTATGCTAGC
BBa_J23110	844	TTTACGGCTAGCTCAGTCCTAGGTACAATGCTAGC
BBa_J23113	21	CTGATGGCTAGCTCAGTCCTAGGGATTATGCTAGC
BBa_J23114	256	TTTATGGCTAGCTCAGTCCTAGGTACAATGCTAGC
BBa_J23115	387	TTTATAGCTAGCTCAGTCCTAGGTACAATGCTAGC
BBa_J23116	396	TTGACAGCTAGCTCAGTCCTAGGGACTATGCTAGC
BBa_J23117	162	TTGACAGCTAGCTCAGTCCTAGGGATTGTGCTAGC
BBa_J23118	1429	TTGACGGCTAGCTCAGTCCTAGGTATTGTGCTAGC